<?xml version="1.0"  encoding="ISO-8859-1"?>
<!DOCTYPE Configure PUBLIC "-//Mort Bay Consulting//DTD Configure//EN" "http://jetty.mortbay.org/configure.dtd">

<!--
Configure a custom context for the eepsite.

This context contains only a Context with a default servlet
to serve static html files and images.
-->

<Configure class="org.mortbay.jetty.servlet.Context">
  <Set name="contextPath">/</Set>
  <Set name="resourceBase">./eepsite/docroot/</Set>
  <Call name="setInitParams">
    <Arg>
      <Map>
        <Entry>
          <Item>org.mortbay.jetty.servlet.Default.cacheControl</Item>
          <Item>max-age=3600,public</Item>
        </Entry>
      </Map>
    </Arg>
  </Call>
  <Call name="setMimeTypes">
    <Arg>
      <New class="org.mortbay.jetty.MimeTypes">
        <Call name="addMimeMapping">
          <Arg>sud</Arg>
          <Arg>application/zip</Arg>
        </Call>
        <Call name="addMimeMapping">
          <Arg>su2</Arg>
          <Arg>application/zip</Arg>
        </Call>
        <Call name="addMimeMapping">
          <Arg>xpi2p</Arg>
          <Arg>application/zip</Arg>
        </Call>
      </New>
    </Arg>
  </Call>
  <Call name="addServlet">
    <Arg>org.mortbay.jetty.servlet.DefaultServlet</Arg>
    <Arg>/</Arg>
  </Call>
</Configure>

